{"cameraMode":{"drawMode":0,"name":"Shaded","section":"Shading Mode"},"sceneLighting":false,"audioPlay":false,"sceneViewState":{"m_AlwaysRefresh":false,"showFog":true,"showSkybox":false,"showFlares":true,"showImageEffects":true,"showParticleSystems":true,"showVisualEffectGraphs":true,"m_FxEnabled":true},"in2DMode":false,"pivot":{"x":-11.940671920776368,"y":0.5383768081665039,"z":229.09764099121095},"rotation":{"x":0.2547346353530884,"y":0.5361764430999756,"z":-0.17382371425628663,"w":0.7857550978660584},"size":2.7868926525115969,"orthographic":false}